{
  "config": {
    "input": "experiments_davis2024/pems_predictions.json",
    "n_boot": 10000,
    "seed": 42,
    "resample_unit": "per-material absolute error (mean across 3 held-out cluster variants)",
    "n_materials": 25,
    "materials": [
      "DAI-1",
      "DAI-2",
      "DAI-4",
      "DAI-X1",
      "DAN-2",
      "DAP-1",
      "DAP-2",
      "DAP-3",
      "DAP-4",
      "DAP-5",
      "DAP-6",
      "DAP-7",
      "DAP-M4",
      "DAP-O2",
      "DAP-O4",
      "PAN-2",
      "PAN-H2",
      "PAN-M2",
      "PAP-1",
      "PAP-4",
      "PAP-5",
      "PAP-H4",
      "PAP-H5",
      "PAP-M4",
      "PAP-M5"
    ]
  },
  "per_experiment": {
    "exp7a": {
      "n_materials": 25,
      "mae_mean": 273.49306051870303,
      "mae_ci_lo": 201.37310626768382,
      "mae_ci_hi": 349.74562976757215,
      "boot_mean": 273.1939051737789,
      "boot_std": 38.03145046849874,
      "n_boot": 10000,
      "seed": 42
    },
    "exp7b": {
      "n_materials": 25,
      "mae_mean": 264.7622540134764,
      "mae_ci_lo": 196.88220419052877,
      "mae_ci_hi": 337.08802109810443,
      "boot_mean": 264.4850553098392,
      "boot_std": 35.89834650585935,
      "n_boot": 10000,
      "seed": 42
    },
    "exp7c": {
      "n_materials": 25,
      "mae_mean": 325.61070121275657,
      "mae_ci_lo": 197.63686211588123,
      "mae_ci_hi": 506.0720086572961,
      "boot_mean": 324.41576811839815,
      "boot_std": 80.5669078681711,
      "n_boot": 10000,
      "seed": 42
    },
    "exp7d": {
      "n_materials": 25,
      "mae_mean": 298.21959667140845,
      "mae_ci_lo": 224.9888861273643,
      "mae_ci_hi": 376.41619149777665,
      "boot_mean": 298.1297880422687,
      "boot_std": 38.547579756800424,
      "n_boot": 10000,
      "seed": 42
    }
  },
  "paired_wilcoxon": {
    "exp7a_vs_exp7b": {
      "statistic_two_sided": 105.0,
      "p_two_sided": 0.12664812803268433,
      "statistic_one_sided_a_less": 220.0,
      "p_one_sided_a_less": 0.9400331079959869,
      "median_paired_diff": 12.892164771842545,
      "hodges_lehmann_pseudo_median": 10.357941124384837,
      "n_pairs": 25
    },
    "exp7a_vs_exp7c": {
      "statistic_two_sided": 154.0,
      "p_two_sided": 0.8325093984603882,
      "statistic_one_sided_a_less": 171.0,
      "p_one_sided_a_less": 0.5940348207950592,
      "median_paired_diff": 4.579519415593779,
      "hodges_lehmann_pseudo_median": 8.834036650728343,
      "n_pairs": 25
    },
    "exp7a_vs_exp7d": {
      "statistic_two_sided": 140.0,
      "p_two_sided": 0.5601714849472046,
      "statistic_one_sided_a_less": 140.0,
      "p_one_sided_a_less": 0.2800857424736023,
      "median_paired_diff": -4.453025871483987,
      "hodges_lehmann_pseudo_median": -17.772359095205815,
      "n_pairs": 25
    }
  },
  "per_material_ae": {
    "exp7a": {
      "DAI-1": 23.414344849480887,
      "DAI-2": 19.978070793599425,
      "DAI-4": 137.89125190228728,
      "DAI-X1": 554.0220126285946,
      "DAN-2": 106.22145452918782,
      "DAP-1": 210.3037053267029,
      "DAP-2": 182.78001712339815,
      "DAP-3": 160.43601794332668,
      "DAP-4": 325.14246777109656,
      "DAP-5": 285.74238435672606,
      "DAP-6": 443.5445133433374,
      "DAP-7": 232.35434996510776,
      "DAP-M4": 506.28725768920384,
      "DAP-O2": 304.0487661983619,
      "DAP-O4": 531.9638359695024,
      "PAN-2": 480.95176550476054,
      "PAN-H2": 220.68297097647914,
      "PAN-M2": 745.1232409864724,
      "PAP-1": 6.393602629573555,
      "PAP-4": 306.18753559315337,
      "PAP-5": 182.399340125968,
      "PAP-H4": 348.0879795299952,
      "PAP-H5": 65.88357666458735,
      "PAP-M4": 397.22115132767914,
      "PAP-M5": 60.26489923899438
    },
    "exp7b": {
      "DAI-1": 54.22772638324599,
      "DAI-2": 23.80294876069608,
      "DAI-4": 85.90774336659554,
      "DAI-X1": 498.2354566331087,
      "DAN-2": 85.13239585373594,
      "DAP-1": 209.094730782111,
      "DAP-2": 179.48016768637413,
      "DAP-3": 177.43709167714528,
      "DAP-4": 295.109518480643,
      "DAP-5": 269.6724882468273,
      "DAP-6": 415.3880538590068,
      "DAP-7": 258.55612702956324,
      "DAP-M4": 488.59759968383304,
      "DAP-O2": 356.10268137758186,
      "DAP-O4": 509.0208535260651,
      "PAN-2": 429.25264451035036,
      "PAN-H2": 200.26127482597317,
      "PAN-M2": 732.2310762146299,
      "PAP-1": 12.985670959441146,
      "PAP-4": 301.98871998801286,
      "PAP-5": 163.58560244587594,
      "PAP-H4": 345.06175528659634,
      "PAP-H5": 93.0078505578919,
      "PAP-M4": 369.8153861738677,
      "PAP-M5": 65.10078602773986
    },
    "exp7c": {
      "DAI-1": 948.2427634824962,
      "DAI-2": 145.7472842516748,
      "DAI-4": 291.5446381235809,
      "DAI-X1": 2085.9622686366056,
      "DAN-2": 34.415552378926805,
      "DAP-1": 264.44153417550723,
      "DAP-2": 111.4392885002156,
      "DAP-3": 117.11811559421828,
      "DAP-4": 354.2188927115488,
      "DAP-5": 100.90736178778752,
      "DAP-6": 414.0239201699563,
      "DAP-7": 345.914789575371,
      "DAP-M4": 105.70461852468573,
      "DAP-O2": 94.3230830585265,
      "DAP-O4": 355.53766282828775,
      "PAN-2": 476.37224608916677,
      "PAN-H2": 64.55683907877876,
      "PAN-M2": 169.32856628037612,
      "PAP-1": 279.02863483307675,
      "PAP-4": 311.7209985759176,
      "PAP-5": 360.7185834078712,
      "PAP-H4": 116.87326668549576,
      "PAP-H5": 148.5054085940889,
      "PAP-M4": 255.20396809014832,
      "PAP-M5": 188.41724488460508
    },
    "exp7d": {
      "DAI-1": 401.12828606881067,
      "DAI-2": 94.52742606137811,
      "DAI-4": 119.12144084324761,
      "DAI-X1": 235.47348542217242,
      "DAN-2": 264.531984792429,
      "DAP-1": 266.3784697959357,
      "DAP-2": 258.49636244718505,
      "DAP-3": 201.6385459220619,
      "DAP-4": 248.70380337925113,
      "DAP-5": 290.19541022821005,
      "DAP-6": 711.7863777656033,
      "DAP-7": 471.069984832761,
      "DAP-M4": 645.3261104775565,
      "DAP-O2": 178.42390820580235,
      "DAP-O4": 428.4697013715613,
      "PAN-2": 566.6439884674137,
      "PAN-H2": 212.91717445146423,
      "PAN-M2": 619.2823420546971,
      "PAP-1": 130.79627703634105,
      "PAP-4": 213.831702229177,
      "PAP-5": 85.768007146331,
      "PAP-H4": 262.19866794165927,
      "PAP-H5": 15.381286939176789,
      "PAP-M4": 505.1693172449486,
      "PAP-M5": 28.229855660036872
    }
  }
}