{
  "PEP": {
    "abx3_mean_m_s": 8871.634744884024,
    "abx3_std_m_s": 8.641393744456021,
    "abx4_mean_m_s": 8991.167310455194,
    "abx4_std_m_s": 1.0676847551200452,
    "delta_m_s": 119.53256557116947
  },
  "MPEP": {
    "abx3_mean_m_s": 8748.524248192114,
    "abx3_std_m_s": 13.670433523388096,
    "abx4_mean_m_s": 8866.080569200423,
    "abx4_std_m_s": 15.568060946418123,
    "delta_m_s": 117.55632100830917
  },
  "HPEP": {
    "abx3_mean_m_s": 8759.70159265668,
    "abx3_std_m_s": 15.640359855526599,
    "abx4_mean_m_s": 8888.776335450757,
    "abx4_std_m_s": 14.626408588675176,
    "delta_m_s": 129.07474279407688
  },
  "SY": {
    "abx3_mean_m_s": 8745.192212340775,
    "abx3_std_m_s": 7.7073059954020025,
    "abx4_mean_m_s": 8869.72418004495,
    "abx4_std_m_s": 3.916848657229215,
    "delta_m_s": 124.53196770417526
  }
}