{
  "exp7a": {
    "cluster_n1": {
      "fold_maes": [
        260.7601186607841,
        337.59178444051884,
        309.55597162523975,
        200.91172815979644,
        244.0234491469737
      ],
      "mean_mae": 270.5686104066625,
      "std_mae": 48.301249535278124,
      "n_folds": 5
    },
    "crystal": {
      "fold_maes": [
        220.0002318752726,
        797.7439801578581,
        340.18436143644414,
        181.9668604486047,
        487.2289072956475
      ],
      "mean_mae": 405.4248682427654,
      "std_mae": 223.23901412025197,
      "n_folds": 5
    }
  },
  "exp7b": {
    "cluster_n1": {
      "fold_maes": [
        251.9471224879857,
        316.34514430080105,
        309.07993613767394,
        190.23994551564937,
        214.68967782464188
      ],
      "mean_mae": 256.4603652533504,
      "std_mae": 50.01061823328247,
      "n_folds": 5
    },
    "crystal": {
      "fold_maes": [
        157.57315821736591,
        918.1587454230373,
        402.80681991368,
        197.27548010728114,
        575.203199583291
      ],
      "mean_mae": 450.20348064893113,
      "std_mae": 278.013878098459,
      "n_folds": 5
    }
  },
  "exp7c": {
    "cluster_n1": {
      "fold_maes": [
        151.34717014884026,
        275.0437803271096,
        220.66803948923916,
        165.33279317033265,
        761.4209292825528
      ],
      "mean_mae": 314.7625424836149,
      "std_mae": 227.5824703064701,
      "n_folds": 5
    },
    "crystal": {
      "fold_maes": [
        710.9112587355346,
        1329.866276297272,
        577.4598689578494,
        938.9235005472881,
        1290.8674012230986
      ],
      "mean_mae": 969.6056611522084,
      "std_mae": 301.54247714540094,
      "n_folds": 5
    }
  },
  "exp7d": {
    "cluster_n1": {
      "fold_maes": [
        281.38884643944345,
        415.19415612926224,
        314.1385627842577,
        212.21733476749688,
        237.34035134045263
      ],
      "mean_mae": 292.0558502921826,
      "std_mae": 70.89774032132534,
      "n_folds": 5
    },
    "crystal": {
      "fold_maes": [
        1071.7435710674977,
        201.56577849826152,
        663.1499056662478,
        834.9091944793265,
        249.24488666388953
      ],
      "mean_mae": 604.1226672750447,
      "std_mae": 335.6802745315601,
      "n_folds": 5
    }
  },
  "exp8a": {
    "cluster_n1": {
      "fold_maes": [
        1156.6083600499178,
        1649.4350892542566,
        1072.9920463667684,
        1139.294806484907,
        1553.2591329741308
      ],
      "mean_mae": 1314.317887025996,
      "std_mae": 237.96638133801073,
      "n_folds": 5
    },
    "crystal": {
      "fold_maes": [
        279.03603589836496,
        232.21894508143868,
        218.8672889050553,
        142.9280538340041,
        134.23247138253518
      ],
      "mean_mae": 201.45655902027966,
      "std_mae": 55.15921867111756,
      "n_folds": 5
    }
  }
}